city,country,temperature_c,humidity_percent,condition
Riyadh,Saudi Arabia,36.8,13,Severe sandstorm
Doha,Qatar,34.8,47,Sunny
Lahore,Pakistan,33.4,22,Clear
Dubai,United Arab Emirates,32.3,70,Sunny
Abu Dhabi,United Arab Emirates,32.3,70,Sunny
Kingston,Jamaica,31.1,56,Sunny
Casablanca,Morocco,30.5,42,Overcast
Bangkok,Thailand,30.0,68,Thundery outbreaks in nearby
Los Angeles,United States of America,29.8,30,Clear
Kolkata,India,29.7,56,Smoky haze
Mumbai,India,29.5,63,Smoky haze
Miami,United States of America,29.3,69,Patchy rain nearby
Cairo,Egypt,29.3,27,Sunny
Chennai,India,29.0,76,Clear
Jakarta,Indonesia,29.0,63,Light rain shower
Singapore,Singapore,28.9,72,Cloudy
Phnom Penh,Cambodia,28.9,76,Overcast
Manila,Philippines,28.5,75,Light rain shower
Lisbon,Portugal,28.5,43,Sunny
Colombo,Sri Lanka,28.2,78,Overcast
Havana,Cuba,27.9,80,Overcast
Florence,Italy,27.7,30,Sunny
Hong Kong,Hong Kong,26.9,80,Light rain shower
Ho Chi Minh City,Vietnam,26.9,82,Light drizzle
Rio De Janeiro,Brazil,26.8,66,Sunny
Karachi,Pakistan,26.8,83,Clear
Bangalore,India,26.6,54,Overcast
Rome,Italy,26.5,45,Patchy rain nearby
Sao Paulo,Brazil,26.2,55,Sunny
Bordeaux,France,26.2,46,Overcast
Nairobi,Kenya,25.6,29,Partly Cloudy
Guangzhou,China,25.5,80,Overcast
Shenzhen,China,25.4,85,Light rain shower
Okinawa,Japan,25.3,88,Clear
Lagos,Nigeria,25.3,85,Overcast
Taipei,Taiwan,25.3,86,Patchy rain nearby
Milan,Italy,25.2,27,Sunny
Kuala Lumpur,Malaysia,25.0,85,Patchy rain nearby
Paris,France,24.3,44,Sunny
Belgrade,Serbia,24.3,13,Sunny
Budapest,Hungary,23.8,17,Sunny
Caracas,Venezuela,23.5,77,Overcast
Cape Town,South Africa,23.5,38,Smoky haze
Houston,United States of America,23.4,92,Overcast
Hanoi,Vietnam,23.2,94,Moderate or heavy rain shower
Zagreb,Croatia,22.9,22,Sunny
Venice,Italy,22.8,37,Sunny
Naples,Italy,22.7,64,Sunny
Vienna,Austria,22.7,31,Sunny
Zurich,Switzerland,22.6,50,Overcast
Skopje,Macedonia,22.5,19,Sunny
Monterrey,Mexico,22.3,76,Overcast
Lima,Peru,21.8,71,Partly Cloudy
Brussels,Belgium,21.7,47,Sunny
London,United Kingdom,21.4,34,Overcast
Madrid,Spain,21.3,57,Overcast
Athens,Greece,21.0,43,Sunny
Berlin,Germany,20.6,46,Cloudy
Johannesburg,South Africa,20.5,27,Overcast
Prague,Czech Republic,20.3,38,Cloudy
Amsterdam,Netherlands,20.3,56,Patchy rain nearby
San Juan,Argentina,20.0,21,Overcast
Tokyo,Japan,19.8,65,Overcast
Buenos Aires,Argentina,19.2,55,Sunny
Dublin,Ireland,19.2,74,Overcast
Osaka-Shi,Japan,19.1,85,Overcast
Istanbul,Turkey,19.0,53,Sunny
Kieve,Germany,19.0,55,Partly Cloudy
San Francisco,United States of America,18.9,68,Overcast
Warsaw,Poland,18.5,63,Patchy rain nearby
Shanghai,China,18.3,88,Overcast
Seoul,South Korea,17.8,81,Light rain shower
Sydney,Australia,17.5,74,Clear
Kyoto,Japan,17.5,92,Overcast
Guadalajara,Mexico,17.3,92,Partly Cloudy
New York,United States of America,16.9,64,Overcast
Delhi,Canada,16.8,62,Cloudy
Manchester,United Kingdom,16.7,47,Overcast
Beijing,China,16.7,31,Clear
Chicago,United States of America,16.3,54,Sunny
Copenhagen,Denmark,15.8,55,Sunny
Edinburgh,United Kingdom,15.8,86,Overcast
Bogota,Colombia,15.6,56,Overcast
Boston,United States of America,15.2,63,Overcast
Stockholm,Sweden,14.8,55,Overcast
Santiago,Chile,14.8,54,Overcast
Mexico City,Mexico,14.8,85,Cloudy
Quito,Ecuador,14.4,65,Sunny
Vancouver,Canada,13.9,83,Clear
Oslo,Norway,13.8,64,Overcast
Saint Petersburg,Russia,13.7,74,Overcast
Toronto,Canada,12.9,68,Cloudy
Helsinki,Finland,12.7,88,Patchy rain nearby
Moscow,Russia,12.3,54,Smog
Seattle,United States of America,11.7,92,Clear
Auckland,New Zealand,9.4,81,Patchy rain nearby
Melbourne,Australia,9.3,80,Overcast
Montreal,Canada,9.0,68,Overcast
Wellington,New Zealand,6.2,78,Clear
Calgary,Canada,4.5,69,Clear
